,22.03.2026 19:02:32,22.03.2026 19:27:12,23.03.2026 05:07:00,24.03.2026 04:56:58,25.03.2026 04:57:15,26.03.2026 05:10:05,27.03.2026 05:10:40,28.03.2026 04:56:00
21.04.2026 - 05.05.2026,12266,12266,12266,11844,11844,11844,11844,11965
21.04.2026 - 06.05.2026,11707,11707,11707,11707,11707,11736,11736,11707
05.05.2026 - 19.05.2026,10164,10164,10164,9833,9253,9253,,
07.05.2026 - 21.05.2026,9232,9232,9232,8832,8832,8732,8932,9132
11.05.2026 - 25.05.2026,9731,9731,9731,9731,9331,9431,9431,9531
12.05.2026 - 26.05.2026,9403,9403,9403,9331,9062,9062,9102,9031
13.05.2026 - 27.05.2026,9053,9053,9153,9153,8782,8682,8782,8682
14.05.2026 - 28.05.2026,9253,9253,9253,9132,8832,8932,8932,8953
19.05.2026 - 02.06.2026,9732,9732,9732,,,,,
21.05.2026 - 04.06.2026,9933,9933,9933,9403,8832,8832,8932,8782
26.05.2026 - 10.06.2026,10736,10736,10736,10736,10736,10736,10736,10736
28.05.2026 - 11.06.2026,10834,10834,10834,10834,10033,10033,10033,9733
01.06.2026 - 15.06.2026,9404,9404,9404,9404,9404,9404,9404,9404
02.06.2026 - 16.06.2026,9172,9172,9172,9203,9244,9244,9244,9244
02.06.2026 - 17.06.2026,9835,9835,9835,9866,9906,9906,9906,9906
04.06.2026 - 18.06.2026,9633,9633,9633,9633,9633,9633,9633,9633
05.06.2026 - 19.06.2026,9182,9182,9182,9182,9182,9182,9182,9182
08.06.2026 - 22.06.2026,9453,9453,9453,9453,9453,9453,9453,9453
10.06.2026 - 24.06.2026,8982,8982,8982,8982,8982,8982,8982,8982
11.06.2026 - 25.06.2026,8932,8932,8932,8932,8932,8932,8932,9032
12.06.2026 - 26.06.2026,9082,9082,9082,9182,9182,9182,9182,9182
15.06.2026 - 29.06.2026,9132,9132,9132,9132,9132,9132,9132,9132
16.06.2026 - 30.06.2026,8988,8988,8988,8936,8936,8936,8936,8998
16.06.2026 - 01.07.2026,9556,9556,9556,9506,9506,9506,9506,9566
18.06.2026 - 02.07.2026,9332,9332,9332,9332,9332,9332,9332,9332
19.06.2026 - 03.07.2026,8982,8982,8982,8982,8982,8982,8982,8982
22.06.2026 - 06.07.2026,9063,9063,9063,9063,9063,9063,9063,9063
23.06.2026 - 08.07.2026,9435,9435,9435,9435,9435,9435,9435,9435
24.06.2026 - 08.07.2026,9482,9482,9482,9482,9482,9482,9482,9482
29.06.2026 - 13.07.2026,9403,9403,9403,9403,9403,9403,9403,9403
30.06.2026 - 14.07.2026,9316,9316,9316,9316,9316,9316,9316,9316
30.06.2026 - 15.07.2026,9885,9885,9885,9885,9885,9885,9885,9885
02.07.2026 - 16.07.2026,9303,9303,9303,9303,9303,9303,9303,9703
03.07.2026 - 17.07.2026,9663,9663,9663,9663,9663,9663,9663,9663
06.07.2026 - 20.07.2026,9582,9582,9582,9582,9582,9582,9582,9582
07.07.2026 - 22.07.2026,9985,9985,9985,9985,9985,9985,9985,9985
08.07.2026 - 22.07.2026,10263,10263,10263,10263,10263,10263,10263,10263
10.07.2026 - 24.07.2026,9763,9763,9763,9763,9763,9763,9763,9763
13.07.2026 - 27.07.2026,9682,9682,9682,9682,9682,9682,9682,9682
14.07.2026 - 28.07.2026,9633,9633,9633,9633,9633,9633,9633,9633
14.07.2026 - 29.07.2026,10036,10036,10036,10036,10036,10036,10036,10036
16.07.2026 - 30.07.2026,10032,10032,10032,10032,10032,10032,10032,10032
17.07.2026 - 31.07.2026,9763,9763,9763,9763,9763,9763,9763,9763
21.07.2026 - 05.08.2026,9766,9766,9766,9766,9766,9766,9766,9766
24.07.2026 - 07.08.2026,9863,9863,9863,9863,9863,9863,9863,9863
28.07.2026 - 12.08.2026,10086,10086,10086,10086,10086,10086,10086,10086
30.07.2026 - 13.08.2026,9603,9603,9603,9603,9703,9503,9503,9503
31.07.2026 - 14.08.2026,10163,10163,10163,10163,10163,10163,10163,10163
03.08.2026 - 17.08.2026,9503,9503,9503,9503,9503,9503,9503,9503
04.08.2026 - 19.08.2026,9985,9985,9985,9985,9985,9985,9985,9985
05.08.2026 - 19.08.2026,9663,9663,9663,9663,9663,9663,9663,9663
07.08.2026 - 21.08.2026,10163,10163,10163,10163,10163,10163,10163,10163
10.08.2026 - 24.08.2026,10033,10033,10033,10033,10033,10033,10033,10033
11.08.2026 - 25.08.2026,9367,9367,9367,9367,9397,9397,9418,9418
11.08.2026 - 26.08.2026,9806,9806,9806,9806,9835,9835,9856,9856
13.08.2026 - 27.08.2026,9932,9932,9932,9932,10032,10032,10032,9932
14.08.2026 - 28.08.2026,9963,9963,9963,9963,9963,9963,9963,9963
17.08.2026 - 31.08.2026,9703,9703,9703,9703,9703,9703,9703,9703
18.08.2026 - 02.09.2026,9606,9606,9606,9606,9606,9606,9606,9606
24.08.2026 - 07.09.2026,9332,9332,9332,9332,9332,9332,9332,9332
25.08.2026 - 08.09.2026,9251,9251,9251,9251,9251,9251,9251,9251
25.08.2026 - 09.09.2026,9285,9285,9285,9285,9285,9285,9285,9285
27.08.2026 - 10.09.2026,9682,9682,9682,9682,9682,9682,9682,9682
28.08.2026 - 11.09.2026,9782,9782,9782,9782,9782,9782,9782,9782
31.08.2026 - 14.09.2026,9553,9553,9553,9553,9553,9553,9553,9553
01.09.2026 - 16.09.2026,9735,9735,9735,9735,9735,9735,9835,9835
02.09.2026 - 16.09.2026,9532,9532,9532,9532,9532,9532,9532,9532
03.09.2026 - 17.09.2026,9354,9354,9354,9354,9354,9354,9454,9454
04.09.2026 - 18.09.2026,9632,9632,9632,9632,9632,9632,9632,9632
07.09.2026 - 21.09.2026,11582,11582,11582,11582,11482,11482,11482,11482
08.09.2026 - 23.09.2026,10836,10836,10836,10836,10836,10836,10836,10836
10.09.2026 - 24.09.2026,9632,9632,9632,9632,9632,9632,9632,9632
11.09.2026 - 25.09.2026,9803,9803,9803,9803,9803,9803,9803,9803
14.09.2026 - 28.09.2026,12753,12753,12753,12753,12753,12753,12753,12753
15.09.2026 - 30.09.2026,10135,10135,10135,10035,10035,10035,10035,10035
16.09.2026 - 30.09.2026,9632,9632,9632,9632,9632,9632,9632,9632
17.09.2026 - 01.10.2026,9504,9504,9504,9504,9583,9583,9583,9583
18.09.2026 - 02.10.2026,9432,9432,9432,9432,9432,9432,9432,9432
21.09.2026 - 05.10.2026,11382,11382,11382,11382,11382,11382,11382,11382
22.09.2026 - 06.10.2026,9069,9069,9069,9101,9120,9120,9120,9223
22.09.2026 - 07.10.2026,9735,9735,9735,9766,9785,9785,9785,9885
24.09.2026 - 08.10.2026,9263,9263,9263,9263,9263,9663,9663,9663
25.09.2026 - 09.10.2026,9403,9403,9403,9403,9403,9403,9403,9403
06.10.2026 - 20.10.2026,9557,9557,9557,9578,9578,9547,9547,9578
06.10.2026 - 21.10.2026,9866,9866,9866,9885,9885,9856,9856,9885
08.10.2026 - 22.10.2026,9882,9882,9882,9882,9882,9882,9882,9882
09.10.2026 - 23.10.2026,9932,9932,9932,9932,9932,9932,9932,9932
12.10.2026 - 26.10.2026,11363,11363,11363,11363,11363,11363,11363,11363
13.10.2026 - 28.10.2026,9635,9635,9635,9635,9635,9635,9635,9635
14.10.2026 - 28.10.2026,9353,9353,9353,9353,9353,9353,9353,9353
16.10.2026 - 30.10.2026,9653,9653,9653,9653,9653,9653,9653,9653
19.10.2026 - 02.11.2026,11203,11203,11203,11203,11203,11203,11203,11203
23.10.2026 - 06.11.2026,9153,9153,9153,9153,9153,9153,9153,9153
26.10.2026 - 09.11.2026,11153,11153,11153,11153,11153,11153,11153,11153
28.10.2026 - 11.11.2026,9053,9053,9053,9053,9053,9053,9053,9053
30.10.2026 - 13.11.2026,8903,8903,8903,8903,8903,8903,8903,8903
04.11.2026 - 18.11.2026,8732,8732,8732,8732,8732,8732,8732,8732
06.11.2026 - 20.11.2026,8832,8832,8832,8832,8832,8832,8832,8832
11.11.2026 - 25.11.2026,8631,8631,8631,8631,8631,8631,8631,8731
13.11.2026 - 27.11.2026,8803,8803,8803,8803,8803,8803,8803,8803
18.11.2026 - 02.12.2026,8531,8531,8531,8531,8531,8531,8531,8531
20.11.2026 - 04.12.2026,8452,8452,8531,8531,8531,8531,8531,8531
03.03.2027 - 17.03.2027,8453,8453,8453,8453,8453,8532,8532,8532
05.03.2027 - 19.03.2027,8703,8703,8703,8703,8703,8703,8703,8703
10.03.2027 - 24.03.2027,8463,8463,8463,8463,8463,8553,8553,8553
12.03.2027 - 26.03.2027,8553,8553,8553,8553,8553,8553,8553,8553
17.03.2027 - 31.03.2027,8553,8553,8553,8553,8553,8553,8553,8553
19.03.2027 - 02.04.2027,8653,8653,8653,8653,8653,8653,8653,8653
24.03.2027 - 07.04.2027,8833,8833,8833,8833,8833,8833,8833,8833
26.03.2027 - 09.04.2027,8732,8732,8732,8732,8732,8732,8732,8732
31.03.2027 - 14.04.2027,8703,8703,8703,8703,8703,8703,8703,8703
02.04.2027 - 16.04.2027,8853,8853,8853,8853,8853,8853,8853,8853
07.04.2027 - 21.04.2027,8753,8753,8753,8753,8753,8753,8753,8753
09.04.2027 - 23.04.2027,8853,8853,8853,8853,8853,8853,8853,8853
14.04.2027 - 28.04.2027,8953,8953,8953,8953,8953,8953,8953,8953
16.04.2027 - 30.04.2027,8933,8933,8933,8933,9033,9033,9033,9033
21.04.2027 - 05.05.2027,8853,8853,8853,8853,8853,8853,8853,8853
23.04.2027 - 07.05.2027,8853,8853,8853,8933,8933,8933,8933,9033
28.04.2027 - 12.05.2027,8853,8853,8853,8853,8933,8933,8933,8853
30.04.2027 - 14.05.2027,8933,8933,8933,8933,8933,8933,8933,8933
