,22.03.2026 19:02:12,23.03.2026 05:06:37,24.03.2026 04:56:33,25.03.2026 04:56:56,26.03.2026 05:09:42,27.03.2026 05:10:17,28.03.2026 04:55:41,29.03.2026 05:13:30,30.03.2026 05:28:30,31.03.2026 05:12:03,01.04.2026 05:28:00,02.04.2026 05:06:00,03.04.2026 05:07:34,04.04.2026 04:53:06,05.04.2026 05:15:02,06.04.2026 05:27:43,07.04.2026 05:12:10,08.04.2026 05:14:10,09.04.2026 05:12:32,10.04.2026 05:28:35,11.04.2026 04:58:49,12.04.2026 05:26:48,13.04.2026 05:45:11,14.04.2026 05:27:06,15.04.2026 05:27:27,16.04.2026 05:33:45
05.04.2026 - 16.04.2026,18932,18932,18432,17031,,,12230,,,,,,,,,,,,,,,,,,,
09.04.2026 - 20.04.2026,13903,13903,13903,13903,,,,,,,,,,,,,,,,,,,,,,
12.04.2026 - 23.04.2026,14532,14532,14453,14453,,,,,,,,,,,,,,,,,,,,,,
19.04.2026 - 30.04.2026,16652,16652,16652,16652,,,,16681,16681,16681,,,,,,,,,,,,,,,,
19.04.2026 - 01.05.2026,19496,19496,19496,19496,19531,19576,19553,19520,19520,19520,,,,,,,,,,,,,,,,
26.04.2026 - 07.05.2026,16666,16666,16499,16499,16499,16666,16582,16582,16582,16582,16582,,,,,,,,,,,,,,,
30.04.2026 - 11.05.2026,14853,14853,14853,14853,14853,14882,14882,14882,14882,14932,14932,,,,,,,,,,,,,,,
03.05.2026 - 14.05.2026,14931,14931,14831,14231,14131,14131,14131,14131,14131,,,,,,,,,14431,14431,14431,,,,14431,,
08.05.2026 - 19.05.2026,17102,17102,16031,16031,16031,16031,15602,15602,15602,15380,,,15531,15651,15651,15681,15681,,,15702,15702,15702,15702,16031,16031,
17.05.2026 - 28.05.2026,,,,,,,,,,,17703,,,,,,,,,17303,16502,16102,16502,16832,16832,18403
25.05.2026 - 06.06.2026,16734,16734,16534,16034,16034,16034,15783,15783,15783,15564,15564,,15664,15664,15664,15664,15664,15564,15564,15033,15033,15033,15033,15333,15333,15333
27.05.2026 - 08.06.2026,15054,15054,15054,14633,14633,14633,14404,14404,14404,14183,14183,14483,14583,14583,14583,14583,14583,14383,14383,14383,14383,14383,14383,14583,14583,14583
31.05.2026 - 11.06.2026,14181,14181,14081,13631,13631,13531,13631,13831,13831,13831,13831,14031,13831,13831,13831,13831,13931,13931,14031,13931,13931,14031,,,,
03.06.2026 - 15.06.2026,14154,14154,14154,13954,14055,14055,14154,14154,14154,14154,14154,14154,14154,14154,14255,14255,14255,14255,14154,14255,14255,14255,14255,14484,14484,14484
07.06.2026 - 18.06.2026,13802,13802,13802,13802,13802,13802,13802,13802,13802,13802,13802,13802,13802,13802,13802,13802,13802,13802,13802,13802,13802,13802,13802,13931,13931,13931
09.06.2026 - 21.06.2026,15034,15034,15034,15034,15034,15034,15034,15034,15034,15034,15034,15034,15134,15134,15134,15134,15134,15134,15134,15134,15134,15134,15134,15365,15365,15365
14.06.2026 - 25.06.2026,14252,14252,14252,14252,14252,14252,14252,14252,14252,14252,14252,14252,14252,14252,14252,14252,14252,14352,14352,14352,14352,14352,14352,14581,14581,14581
16.06.2026 - 28.06.2026,14034,14034,14034,14034,14034,14034,14034,14034,14034,14034,14034,14034,14034,14034,14034,14034,14034,14034,14134,14134,14134,14234,14234,14455,14455,14455
17.06.2026 - 29.06.2026,14233,14233,14233,14233,14233,14233,14233,14233,14233,14233,14233,14233,14233,14233,14233,14233,14233,14233,14233,14233,14233,14233,14233,14454,14454,14454
21.06.2026 - 02.07.2026,13881,13881,13881,13881,13881,13881,13881,13881,13881,13881,13881,13881,13881,13881,13881,13881,13881,13881,13881,13881,13881,13881,13881,14102,14102,14102
24.06.2026 - 06.07.2026,14333,14333,14333,14333,14333,14333,14333,14333,14333,14333,14333,14333,14433,14433,14433,14433,14433,14433,14433,14433,14333,14333,14333,14754,14754,14754
28.06.2026 - 09.07.2026,15102,15102,15102,15102,15102,15102,15102,15102,15102,15102,15102,15102,15102,15102,15102,15102,15102,15102,15102,15102,15102,15102,15102,15331,15331,15331
01.07.2026 - 13.07.2026,14933,14933,14933,14933,14933,14933,14933,14933,14933,14933,14933,14933,14933,14933,14933,14933,14933,14933,14933,14933,14933,14933,14933,15164,15164,15164
05.07.2026 - 16.07.2026,14181,14181,14181,14181,14181,14181,14081,14081,14081,14081,14081,14081,14081,14081,14081,14081,14081,14081,14081,14081,14081,14081,14081,14302,14302,14302
08.07.2026 - 20.07.2026,14233,14233,14233,14233,14233,14233,14233,14233,14233,14233,14233,14233,14233,14233,14233,14233,14433,14433,14433,14433,14433,14433,14433,14433,14433,14433
15.07.2026 - 27.07.2026,14064,14064,14064,14064,14064,14064,14064,14064,14365,14365,14365,14365,14365,14365,14365,14365,14365,14365,14365,14365,14365,14465,14465,14465,14465,14465
19.07.2026 - 30.07.2026,14431,14431,14431,14431,14431,14431,14431,14431,14731,14731,14731,14731,14731,14431,14431,14431,14431,14431,14431,14431,14431,14431,14431,14431,14431,14431
22.07.2026 - 03.08.2026,14133,14133,14133,14133,14133,14133,14133,14133,14133,14133,14133,14133,14133,14133,14133,14133,14133,14133,14233,14233,14233,14333,14333,14333,14333,14233
26.07.2026 - 06.08.2026,13931,13931,14031,14031,13931,13931,13931,13931,13931,13931,13931,13931,13931,13931,13931,13931,13931,13931,13931,13931,13931,13931,13931,13931,13931,13931
29.07.2026 - 10.08.2026,14133,14133,14133,14133,14133,14133,14133,14133,14133,14133,14133,14133,14133,14133,14133,14133,14133,14133,14133,14133,14133,14233,14233,14233,14233,14233
02.08.2026 - 13.08.2026,14352,14352,14252,14252,14252,14252,14252,14252,14252,14452,14452,14452,14452,14452,14452,14452,14452,14452,14452,14452,14452,14452,14452,14452,14452,14452
05.08.2026 - 17.08.2026,14433,14433,14433,14433,14433,14433,14433,14433,14433,14433,14433,14433,14433,14433,14433,14433,14433,14433,14433,14433,14433,14433,14433,14433,14433,14433
09.08.2026 - 20.08.2026,14181,14181,14181,14181,14181,14181,14181,14181,14181,14181,14181,14181,14181,14181,14181,14181,14181,14181,14181,14181,14181,14181,14181,14181,14181,14181
12.08.2026 - 24.08.2026,14064,14064,14064,14064,14064,14064,14064,14064,14064,14064,14064,14064,14064,14064,14064,14064,14064,14064,14365,14064,14064,14064,14064,14064,14365,14365
16.08.2026 - 27.08.2026,14431,14431,14431,14431,14431,14431,14431,14431,14431,14431,14431,14431,14431,14431,14431,14431,14431,14431,14431,14431,14431,14531,14531,14531,14531,14531
19.08.2026 - 31.08.2026,14564,14564,14564,14564,14564,14564,14564,14564,14564,14564,14564,14564,14564,14564,14564,14564,14564,14564,14564,14564,14564,14564,14564,14564,14564,14564
23.08.2026 - 03.09.2026,13781,13781,13781,13781,13781,13781,13781,13781,13781,13781,13781,13781,13781,13781,13781,13781,13781,13781,13781,13781,13781,13881,13881,13881,13881,13881
26.08.2026 - 07.09.2026,14133,14133,14133,14133,14133,14133,14133,14133,14133,14133,14133,14133,14133,14133,14133,14133,14133,14133,14133,14133,14133,14133,14133,14133,14133,14133
30.08.2026 - 10.09.2026,13852,13852,13852,13852,13852,13852,13852,13852,13852,13852,13852,13852,13852,13852,13852,13852,13852,13852,13852,13852,13852,13852,13952,13952,13952,13952
01.09.2026 - 13.09.2026,14334,14334,14334,14334,14334,14334,14334,14334,14334,14334,14334,14334,14334,14334,14334,14334,14334,14334,14334,14334,14334,14334,14334,14334,14334,14534
02.09.2026 - 14.09.2026,14154,14154,14154,14154,14154,14154,14154,14154,14154,14154,14154,14154,14354,14354,14354,14354,14354,14354,14354,14354,14354,14354,14354,14354,14354,14354
06.09.2026 - 17.09.2026,14152,14152,14052,14052,14052,14052,14052,14052,14052,14052,14052,14052,14052,14052,14052,14052,14052,14052,14052,14052,14052,14052,14052,14052,14052,14152
08.09.2026 - 20.09.2026,14134,14134,14234,14234,14234,14234,14234,14234,14234,14234,14134,14134,14134,14134,14134,14134,14134,14134,14134,14134,14134,14134,14234,14134,14134,14134
09.09.2026 - 21.09.2026,14254,14254,14254,14254,14254,14254,14254,14254,14254,14254,14254,14254,14254,14254,14254,14254,14254,14254,14254,14254,14254,14254,14254,14254,14254,14254
13.09.2026 - 24.09.2026,14131,14131,14131,14131,14131,14131,14131,14131,14131,14131,14131,14131,14131,14131,14131,14131,14131,14131,14131,14131,14131,14131,14131,14131,14131,14131
16.09.2026 - 28.09.2026,14354,14354,14354,14354,14354,14354,14354,14354,14454,14454,14454,14454,14454,14454,14454,14454,14454,14454,14454,14454,14454,14454,14454,14454,14454,14454
20.09.2026 - 01.10.2026,14531,14531,14531,14531,14531,14531,14531,14531,14531,14531,14531,14531,14531,14531,14531,14531,14531,14531,14531,14531,14531,14531,14531,14531,14531,14531
23.09.2026 - 05.10.2026,14183,14183,14183,14183,14183,14183,14183,14183,14183,14183,14183,14183,14283,14283,14283,14283,14383,14483,14684,14784,14583,14583,14583,14684,14684,14684
30.09.2026 - 12.10.2026,14054,14054,14054,14054,14054,14054,14054,14054,14054,14054,14054,14054,14054,14054,14054,14054,14054,14054,14054,14054,14054,14054,14054,14054,14054,14054
04.10.2026 - 15.10.2026,14752,14752,14752,14752,14752,14752,14752,14752,14752,14752,14752,14752,14752,14752,14752,14752,14752,14752,14752,14752,14752,14752,14752,14752,14752,14752
07.10.2026 - 19.10.2026,14804,14804,14804,14804,14804,14804,14804,14804,14804,14804,14804,14804,14804,14804,14804,14804,14804,14804,14804,14804,14804,14804,14804,14804,14804,14804
14.10.2026 - 25.10.2026,14531,14531,14531,14531,14531,14531,14531,14531,14531,14531,14531,14531,14531,14531,14531,14531,14531,14531,14531,14531,14531,14531,14531,14531,14531,14531
21.10.2026 - 01.11.2026,13802,13802,13802,13802,13802,13802,13802,13802,13802,13802,13802,13901,14002,14002,14002,14002,14002,14002,14002,14002,14002,14002,14002,14002,14002,14002
28.10.2026 - 08.11.2026,13037,13037,13037,13037,13037,13037,13037,13138,13138,13138,13138,13138,13037,13037,13037,13037,13037,13037,13037,13037,13037,13037,13037,13037,13037,13037
04.11.2026 - 16.11.2026,12864,12864,12864,12864,12964,13064,13064,13064,13164,13164,13164,13064,13064,13064,13064,13064,13064,12964,12964,12964,12964,12964,12964,12964,13064,13064
11.11.2026 - 23.11.2026,12664,12664,12564,12564,12564,12564,12564,12564,12564,12564,12564,12564,12564,12564,12564,12564,12564,12564,12564,12564,12664,12664,12664,12764,12864,12864
18.11.2026 - 30.11.2026,12491,12491,12491,12491,12491,12491,12491,12491,12491,12491,12491,12491,12491,12491,12491,12491,12491,12491,12491,12491,12491,12504,12504,12504,12504,12504
23.11.2026 - 04.12.2026,11581,11581,11581,11581,11581,11581,11581,11581,11681,11781,11781,11681,11681,11681,11681,11681,11681,11681,11681,11681,11781,11781,11781,11781,11881,11981
25.11.2026 - 07.12.2026,12391,12391,12391,12391,12391,12504,12504,12504,12504,12504,12504,12504,12504,12504,12504,12504,12504,12504,12504,12504,12504,12504,12504,12504,12504,12504
28.11.2026 - 09.12.2026,11331,11331,11331,11231,11331,11731,11731,11731,11731,11631,11631,11431,11431,11431,11431,11431,11431,11331,11431,11531,11631,11631,11631,11631,11631,11631
23.12.2026 - 04.01.2027,12564,12564,12564,12564,12564,12564,12564,12564,12564,12564,12564,12564,12564,12564,12664,12864,12864,12664,12664,12664,12564,12564,12564,12564,12564,12564
03.03.2027 - 15.03.2027,12764,12764,12964,12764,12864,12864,12864,12864,12864,12864,12864,12864,12864,12964,12964,12964,12964,12964,12864,12864,12864,12864,12864,12864,12864,12864
10.03.2027 - 22.03.2027,12983,12983,13083,13183,13183,13183,13183,13183,13183,13183,13183,13183,13183,13183,13183,13183,13183,13283,13283,13283,13283,13283,13283,13283,13283,13283
17.03.2027 - 29.03.2027,13133,13133,13133,13133,13133,13133,13133,13133,13133,13133,13133,13133,13133,13133,13133,13133,13133,13133,13133,13133,13133,13133,13133,13133,13133,13133
24.03.2027 - 05.04.2027,13634,13634,13534,13534,13434,13434,13434,13434,13534,13534,13534,13534,13534,13434,13434,13434,13434,13434,13434,13434,13434,13434,13434,13434,13434,13534
31.03.2027 - 12.04.2027,14234,14234,14234,14234,14234,14234,14234,14234,14334,14334,14434,14434,14534,14334,14334,14334,14334,14334,14334,14334,14334,14434,14434,14434,14434,14434
07.04.2027 - 19.04.2027,13434,13434,13434,13434,13434,13434,13434,13434,13434,13534,13534,13534,13634,13634,13634,13634,13634,13634,13634,13534,13534,13534,13534,13534,13534,13534
14.04.2027 - 26.04.2027,13133,13133,13133,13133,13233,13233,13334,13334,13334,13334,13334,13233,13233,13233,13334,13233,13233,13233,13233,13233,13434,13434,13434,13434,13434,13434
21.04.2027 - 03.05.2027,13133,13133,13233,13233,13233,13233,13233,13233,13233,13233,13233,13233,13233,13434,13434,13434,13434,13434,13434,13334,13334,13334,13334,13334,13334,13334
28.04.2027 - 10.05.2027,13133,13133,13133,13133,13133,13133,13133,13133,13233,13233,13233,13434,13534,13434,13434,13434,13434,13233,13233,13233,13233,13233,13233,13233,13233,13233
