,27.09.2025 21:06:06,27.09.2025 21:36:14,27.09.2025 22:36:51,27.09.2025 23:15:48
01.10 - 08.10,3064,3064,3064,3064
08.10 - 15.10,3038,3038,3038,3038
09.10 - 16.10,3619,3619,3419,3419
15.10 - 22.10,3018,3018,3018,3018
16.10 - 23.10,3569,3569,3369,3369
22.10 - 29.10,3018,3018,3018,3018
29.10 - 05.11,3018,3018,3018,3018
30.10 - 06.11,3119,3119,2919,2919
06.11 - 13.11,4282,4282,4282,4282
13.11 - 20.11,3341,3341,3341,3341
20.11 - 27.11,3953,3953,3953,3953
27.11 - 04.12,3897,3897,3897,3897
04.12 - 11.12,2899,2899,2899,2899
11.12 - 18.12,3017,3017,3017,3017
18.12 - 25.12,3459,3459,3459,3459
25.12 - 01.01,4078,4078,4078,4078
01.01 - 08.01,3268,3268,3268,3268
08.01 - 15.01,3161,3161,3161,3161
15.01 - 22.01,3236,3236,3236,3236
22.01 - 29.01,3354,3354,3354,3354
25.01 - 01.01,4078,4078,4078,4078
29.01 - 05.02,3333,3333,3333,3333
05.02 - 12.02,3682,3682,3682,3682
12.02 - 19.02,3382,3382,3382,3382
26.02 - 05.03,3270,3270,3270,3270
05.03 - 12.03,3237,3237,3237,3237
12.03 - 19.03,3210,3210,3210,3210
19.03 - 26.03,3513,3513,3513,3513
26.03 - 02.04,3141,3141,3141,3141
02.04 - 09.04,3365,3365,3365,3365
09.04 - 16.04,3356,3356,3356,3356
16.04 - 23.04,3366,3366,3366,3366
23.04 - 30.04,3478,3478,3478,3478
30.04 - 07.05,3406,3406,3406,3406
07.05 - 14.05,3169,3169,3169,3169
14.05 - 21.05,3068,3068,3068,3068
21.05 - 28.05,3017,3017,3017,3017
28.05 - 04.06,3085,3085,3085,3085
04.06 - 11.06,3280,3280,3280,3280
11.06 - 18.06,2988,2988,2988,2988
18.06 - 25.06,2988,2988,2988,2988
25.06 - 02.07,3014,3014,3014,3014
02.07 - 09.07,3031,3031,3031,3031
09.07 - 16.07,3058,3058,3058,3058
16.07 - 23.07,3058,3058,3058,3058
23.07 - 30.07,3058,3058,3058,3058
30.07 - 06.08,3058,3058,3058,3058
06.08 - 13.08,3058,3058,3058,3058
13.08 - 20.08,3058,3058,3058,3058
20.08 - 27.08,3058,3058,3058,3058
27.08 - 03.09,3156,3156,3156,3156
03.09 - 10.09,3208,3208,3208,3208
10.09 - 17.09,3180,3180,3180,3180
17.09 - 24.09,3132,3132,3132,3132
24.09 - 01.10,3278,3278,3278,3278
OFFER_LINK,https://r.pl/tunezja-bajeczna-mozaika/zakwaterowanie-tuf?czyCenaZaWszystkich=1&wiek=1995-01-01&wiek=1995-01-01&liczbaPokoi=1,,,
